graph,num_rows,num_cols,nnz,avg_degree,ms_t1,ms_t2,ms_t4,ms_t8,ms_t16,ms_t32,speedup_t2,speedup_t4,speedup_t8,speedup_t16,speedup_t32
chesapeake,39,39,340,8.71795,503.161,0.094776,0.063524,0.09448,0.062523,0.058726,5308.95,7920.8,5325.58,8047.61,8567.94
hollywood-2009,1139905,1139905,113891327,99.913,197.837,183.715,176.261,176.605,177.499,176.593,1.07687,1.12241,1.12022,1.11458,1.1203
ldoor,952203,952203,46522475,48.8577,94.2204,93.8534,91.4772,80.9241,81.3366,78.6398,1.00391,1.02999,1.16431,1.1584,1.19813
roadNet-CA,1971281,1971281,5533214,2.80691,70.4876,68.4252,68.3713,61.1688,41.9634,42.001,1.03014,1.03095,1.15235,1.67974,1.67824
