nx,ny,nz,N,serial_ms,parallel_ms,speedup
8,8,8,512,21.404704,25.030599,0.855142
8,16,8,1024,174.927203,50.440064,3.468021
8,16,16,2048,1876.645127,134.027377,14.001954
16,16,16,4096,21779.703432,2240.329870,9.721650
