nx,ny,nz,N,serial_ms,parallel_ms,speedup
8,8,8,512,32.090840,255.494076,0.125603
8,16,8,1024,218.351711,46.645172,4.681121
8,16,16,2048,2392.191612,245.766622,9.733590
16,16,16,4096,23322.488768,1491.824820,15.633530
